{
  "domain": "",
  "apikey": "",
  "capikey": "",
  "dana": "-",
  "ovo": "-",
  "gopay": "-",
  "owner": [],
  "contacts": [],
  "premium": [],
  "sewa": [],
  "grubjp": [],
  "baned": [],
  "mute": [],
  "blacklist": [],
  "tmp": [],
  "jadibot_push": {},
  "autoreadgrub": false,
  "autoreadchat": false,
  "autoreadsw": true,
  "autoreact": false,
  "autoai": false,
  "antilink": [],
  "antibot": [],
  "antiimage": [],
  "antivideo": [],
  "antisticker": [],
  "antiaudio": [],
  "antiwame": [],
  "antitoxic": [],
  "antimedia": [],
  "wellcome": [],
  "mode": "public",
  "user": {}
}
